{
    "Warschauer Brücke": [13.449659, 52.506765],
    "U-Bhf. Warschauer Str.": [13.449659, 52.506765],
    "Frankfurter Tor": [13.45394,52.51581],
    "Ehemaliger Flughafen Tempelhof": [13.4042,52.4739],
    "U-Bhf. Rathaus Neukölln": [13.433530,52.482023],
    "Alexanderplatz": [13.40792,52.52020],
    "Hackescher Markt": [13.40152,52.52306],
    "Joachimstaler Str.": "Joachimsthaler Str."
}