{
    "27": [52.5120194,13.316704],
    "57": [52.52249,13.4318013],
    "58": [52.51211,13.4421813]
}